dataset,case_id,ours_dsc,best_baseline_dsc,mean_baseline_dsc,worst_baseline_dsc,min_margin_vs_best_baseline,mean_margin_vs_baselines,all_baselines_beaten,SAT-Pro_dsc,ScribFormer_dsc,ScribbleBench_dsc,EFFDNet_dsc
ACDC,patient005_frame01,0.9377,0.9273,0.9106,0.8784,0.0104,0.0271,True,0.9170,0.8784,0.9273,0.9198
ACDC,patient005_frame13,0.9073,0.9003,0.8817,0.8423,0.0070,0.0256,True,0.9003,0.8423,0.8852,0.8990
ACDC,patient010_frame01,0.9289,0.9245,0.9047,0.8859,0.0044,0.0242,True,0.8983,0.8859,0.9101,0.9245
ACDC,patient010_frame13,0.9198,0.9101,0.8958,0.8718,0.0097,0.0239,True,0.8945,0.8718,0.9070,0.9101
ACDC,patient024_frame01,0.9407,0.9243,0.9170,0.9118,0.0165,0.0237,True,0.9158,0.9118,0.9162,0.9243
ACDC,patient024_frame09,0.8994,0.8924,0.8497,0.7669,0.0070,0.0497,True,0.8924,0.8613,0.7669,0.8784
ACDC,patient030_frame01,0.9415,0.9178,0.8418,0.7415,0.0237,0.0997,True,0.9178,0.8071,0.7415,0.9006
ACDC,patient030_frame12,0.7648,0.8568,0.6846,0.4372,-0.0920,0.0802,False,0.8568,0.6378,0.4372,0.8068
ACDC,patient036_frame01,0.9274,0.9214,0.8978,0.8607,0.0061,0.0297,True,0.9197,0.8894,0.8607,0.9214
ACDC,patient036_frame12,0.9243,0.9163,0.8709,0.7782,0.0080,0.0534,True,0.9041,0.8851,0.7782,0.9163
ACDC,patient039_frame01,0.9240,0.9143,0.9034,0.8882,0.0098,0.0207,True,0.9100,0.8882,0.9143,0.9010
ACDC,patient039_frame10,0.8757,0.9044,0.8235,0.7680,-0.0287,0.0521,False,0.9044,0.7680,0.7732,0.8487
ACDC,patient041_frame01,0.8957,0.8977,0.8644,0.7774,-0.0019,0.0313,False,0.8964,0.8864,0.7774,0.8977
ACDC,patient041_frame11,0.8850,0.8843,0.7988,0.6714,0.0007,0.0862,True,0.8843,0.7941,0.6714,0.8456
ACDC,patient060_frame01,0.9292,0.9272,0.8805,0.8041,0.0019,0.0487,True,0.9148,0.8041,0.8758,0.9272
ACDC,patient060_frame14,0.8753,0.9006,0.8485,0.7800,-0.0253,0.0269,False,0.8927,0.7800,0.8206,0.9006
ACDC,patient064_frame01,0.9420,0.9265,0.9145,0.8907,0.0155,0.0276,True,0.9265,0.8907,0.9199,0.9206
ACDC,patient064_frame12,0.9350,0.9162,0.8914,0.8629,0.0189,0.0436,True,0.9162,0.8709,0.8629,0.9157
ACDC,patient072_frame01,0.9524,0.9405,0.9199,0.8774,0.0119,0.0325,True,0.9217,0.8774,0.9405,0.9400
ACDC,patient072_frame11,0.9350,0.9265,0.9039,0.8557,0.0085,0.0312,True,0.9187,0.8557,0.9145,0.9265
ACDC,patient073_frame01,0.9285,0.9197,0.9092,0.8933,0.0088,0.0193,True,0.9146,0.8933,0.9093,0.9197
ACDC,patient073_frame10,0.9145,0.9038,0.8645,0.8301,0.0106,0.0500,True,0.9038,0.8301,0.8652,0.8589
ACDC,patient077_frame01,0.9360,0.9245,0.9133,0.8933,0.0115,0.0226,True,0.9198,0.8933,0.9157,0.9245
ACDC,patient077_frame09,0.8612,0.8955,0.8576,0.8259,-0.0343,0.0036,False,0.8955,0.8259,0.8449,0.8641
ACDC,patient078_frame01,0.9534,0.9468,0.9338,0.9176,0.0066,0.0196,True,0.9256,0.9176,0.9452,0.9468
ACDC,patient078_frame09,0.9057,0.9073,0.8800,0.8372,-0.0016,0.0257,False,0.9073,0.8372,0.8750,0.9004
ACDC,patient080_frame01,0.9328,0.9232,0.8975,0.8679,0.0096,0.0353,True,0.9159,0.8679,0.8832,0.9232
ACDC,patient080_frame10,0.9472,0.9363,0.8894,0.8010,0.0108,0.0578,True,0.9146,0.9056,0.8010,0.9363
ACDC,patient082_frame01,0.9370,0.9330,0.9234,0.9097,0.0040,0.0136,True,0.9278,0.9097,0.9233,0.9330
ACDC,patient082_frame07,0.9264,0.9143,0.8909,0.8527,0.0121,0.0355,True,0.9143,0.8956,0.8527,0.9009
BTCV_cervix,0507688,0.7873,0.7709,0.7234,0.6987,0.0164,0.0639,True,0.7238,0.7002,0.7709,0.6987
BTCV_cervix,0763890,0.7321,0.7307,0.6870,0.6153,0.0014,0.0451,True,0.6760,0.6153,0.7262,0.7307
BTCV_cervix,1578068,0.7580,0.6991,0.5806,0.4712,0.0589,0.1775,True,0.6301,0.5219,0.6991,0.4712
BTCV_cervix,5176452,0.8028,0.7926,0.7616,0.7026,0.0102,0.0412,True,0.7856,0.7026,0.7656,0.7926
BTCV_cervix,5458334,0.7562,0.7858,0.6981,0.6306,-0.0295,0.0581,False,0.7397,0.6306,0.7858,0.6363
BTCV_cervix,7742556,0.7740,0.7334,0.6869,0.6401,0.0406,0.0871,True,0.6965,0.6776,0.7334,0.6401
PROMISE12,00,0.9259,0.9284,0.9082,0.8690,-0.0024,0.0177,False,0.9284,0.8690,0.9185,0.9170
PROMISE12,01,0.9533,0.9204,0.8884,0.8128,0.0329,0.0649,True,0.9175,0.8128,0.9204,0.9030
PROMISE12,02,0.9399,0.9287,0.8876,0.8311,0.0111,0.0523,True,0.8764,0.8311,0.9287,0.9142
PROMISE12,03,0.9459,0.9397,0.9226,0.9087,0.0062,0.0233,True,0.9139,0.9087,0.9282,0.9397
PROMISE12,04,0.9214,0.9243,0.8922,0.8278,-0.0029,0.0292,False,0.9112,0.8278,0.9057,0.9243
PROMISE12,05,0.9186,0.9219,0.9065,0.8811,-0.0034,0.0120,False,0.9122,0.8811,0.9219,0.9107
PROMISE12,06,0.8900,0.8683,0.8400,0.7898,0.0218,0.0501,True,0.8683,0.7898,0.8546,0.8472
PROMISE12,07,0.9000,0.9094,0.8287,0.6374,-0.0094,0.0713,False,0.9094,0.6374,0.8976,0.8705
PROMISE12,08,0.9238,0.8972,0.8555,0.8220,0.0266,0.0683,True,0.8220,0.8459,0.8571,0.8972
PROMISE12,09,0.8336,0.8663,0.8351,0.7546,-0.0327,-0.0016,False,0.8663,0.7546,0.8656,0.8541
PROMISE12,10,0.9023,0.8940,0.8544,0.7681,0.0082,0.0479,True,0.8615,0.7681,0.8939,0.8940
PROMISE12,11,0.9250,0.9258,0.8695,0.7166,-0.0008,0.0554,False,0.9258,0.7166,0.9251,0.9107
PROMISE12,12,0.8153,0.8581,0.7909,0.6462,-0.0428,0.0244,False,0.8581,0.6462,0.8405,0.8187
PROMISE12,13,0.9172,0.9180,0.8827,0.8230,-0.0008,0.0345,False,0.9023,0.8230,0.9180,0.8873
PROMISE12,14,0.9066,0.8929,0.8253,0.6677,0.0136,0.0813,True,0.8640,0.6677,0.8929,0.8766
PROMISE12,15,0.9399,0.8866,0.8269,0.7243,0.0533,0.1130,True,0.8668,0.7243,0.8866,0.8298
PROMISE12,16,0.8835,0.8760,0.8389,0.7954,0.0075,0.0446,True,0.8376,0.7954,0.8760,0.8464
PROMISE12,17,0.9342,0.8989,0.8339,0.6822,0.0353,0.1003,True,0.8989,0.6822,0.8880,0.8665
PROMISE12,18,0.9053,0.9004,0.8132,0.6043,0.0049,0.0920,True,0.9004,0.6043,0.8880,0.8601
PROMISE12,19,0.9256,0.9244,0.8833,0.8404,0.0012,0.0422,True,0.9244,0.8404,0.8906,0.8779
PROMISE12,20,0.8198,0.8505,0.7754,0.6536,-0.0307,0.0444,False,0.8383,0.6536,0.8505,0.7592
PROMISE12,21,0.8845,0.9092,0.8730,0.7986,-0.0247,0.0115,False,0.9015,0.7986,0.8826,0.9092
PROMISE12,22,0.9162,0.9097,0.8820,0.8445,0.0065,0.0342,True,0.8721,0.8445,0.9017,0.9097
PROMISE12,23,0.8749,0.8908,0.8462,0.7763,-0.0158,0.0287,False,0.8908,0.7763,0.8727,0.8451
PROMISE12,24,0.8539,0.8435,0.8021,0.7669,0.0104,0.0518,True,0.7669,0.7929,0.8051,0.8435
PROMISE12,25,0.9193,0.9191,0.9035,0.8642,0.0001,0.0157,True,0.9191,0.8642,0.9162,0.9146
PROMISE12,26,0.8970,0.8866,0.8698,0.8339,0.0104,0.0272,True,0.8866,0.8339,0.8753,0.8833
PROMISE12,27,0.9142,0.8690,0.8491,0.8254,0.0452,0.0651,True,0.8413,0.8254,0.8690,0.8608
PROMISE12,28,0.9282,0.9196,0.8833,0.8544,0.0086,0.0449,True,0.8907,0.8544,0.9196,0.8685
PROMISE12,29,0.8917,0.8798,0.8368,0.7679,0.0119,0.0548,True,0.8328,0.7679,0.8798,0.8669
